Plaka;Gno;AracNo;Model;Marka;Uzunluk
16 BZP 05;B05;5;2007;MERCEDES CONECTO 12 M.;12
16 BZP 06;B06;6;2007;MERCEDES CONECTO 12 M.;12
16 BZP 07;B07;7;2007;MERCEDES CONECTO 12 M.;12
16 BZP 08;B08;8;2007;MERCEDES CONECTO 12 M.;12
16 BZP 09;B09;9;2007;MERCEDES CONECTO 12 M.;12
16 BZP 10;B10;10;2007;MERCEDES CONECTO 12 M.;12
16 BZP 11;B11;11;2007;MERCEDES CONECTO 12 M.;12
16 BZP 12;B12;12;2007;MERCEDES CONECTO 12 M.;12
16 BZP 13;B13;13;2007;MERCEDES CONECTO 12 M.;12
16 BZP 14;B14;14;2007;MERCEDES CONECTO 12 M.;12
16 BZP 15;B15;15;2007;MERCEDES CONECTO 12 M.;12
16 BZP 16;B16;16;2007;MERCEDES CONECTO 12 M.;12
16 BZP 17;B17;17;2007;MERCEDES CONECTO 12 M.;12
16 BZP 18;B18;18;2007;MERCEDES CONECTO 12 M.;12
16 BZP 19;B19;19;2007;MERCEDES CONECTO 12 M.;12
16 BVH 20;B20;20;2007;MERCEDES CONECTO 12 M.;12
16 BVH 21;B21;21;2007;MERCEDES CONECTO 12 M.;12
16 BVH 22;B22;22;2007;MERCEDES CONECTO 12 M.;12
16 BVH 23;B23;23;2007;MERCEDES CONECTO 12 M.;12
16 BVH 24;B24;24;2007;MERCEDES CONECTO 12 M.;12
16 BVH 25;B25;25;2007;MERCEDES CONECTO 12 M.;12
16 BVH 26;B26;26;2007;MERCEDES CONECTO 12 M.;12
16 BVH 27;B27;27;2007;MERCEDES CONECTO 12 M.;12
16 BVH 28;B28;28;2007;MERCEDES CONECTO 12 M.;12
16 BVH 29;B29;29;2007;MERCEDES CONECTO 12 M.;12
16 BVH 30;B30;30;2007;MERCEDES CONECTO 12 M.;12
16 BVH 31;B31;31;2007;MERCEDES CONECTO 12 M.;12
16 BVH 32;B32;32;2007;MERCEDES CONECTO 12 M.;12
16 BVH 33;B33;33;2007;MERCEDES CONECTO 12 M.;12
16 BVH 34;B34;34;2007;MERCEDES CONECTO 12 M.;12
16 BVH 35;B35;35;2007;MERCEDES CONECTO 12 M.;12
16 BVH 36;B36;36;2007;MERCEDES CONECTO 12 M.;12
16 BVH 37;B37;37;2007;MERCEDES CONECTO 12 M.;12
16 BVH 38;B38;38;2007;MERCEDES CONECTO 12 M.;12
16 BVH 39;B39;39;2007;MERCEDES CONECTO 12 M.;12
16 BVH 40;B40;40;2007;MERCEDES CONECTO 12 M.;12
16 BVH 41;B41;41;2007;MERCEDES CONECTO 12 M.;12
16 BVH 42;B42;42;2007;MERCEDES CONECTO 12 M.;12
16 BVH 43;B43;43;2007;MERCEDES CONECTO 12 M.;12
16 BVH 44;B44;44;2007;MERCEDES CONECTO 12 M.;12
16 BVH 45;B45;45;2007;MERCEDES CONECTO 12 M.;12
16 BVH 46;B46;46;2007;MERCEDES CONECTO 12 M.;12
16 BVH 47;B47;47;2007;MERCEDES CONECTO 12 M.;12
16 BVH 48;B48;48;2007;MERCEDES CONECTO 12 M.;12
16 BVH 49;B49;49;2007;MERCEDES CONECTO 12 M.;12
16 BVH 50;B50;50;2007;MERCEDES CONECTO 12 M.;12
16 BVH 51;B51;51;2007;MERCEDES CONECTO 12 M.;12
16 BVH 52;B52;52;2007;MERCEDES CONECTO 12 M.;12
16 BVH 53;B53;53;2007;MERCEDES CONECTO 12 M.;12
16 BVH 54;B54;54;2007;MERCEDES CONECTO 12 M.;12
16 BVH 55;B55;55;2007;MERCEDES CONECTO 12 M.;12
16 BVH 56;B56;56;2007;MERCEDES CONECTO 12 M.;12
16 BVH 57;B57;57;2007;MERCEDES CONECTO 12 M.;12
16 BVH 58;B58;58;2007;MERCEDES CONECTO 12 M.;12
16 BVH 59;B59;59;2007;MERCEDES CONECTO 12 M.;12
16 BVH 60;B60;60;2007;MERCEDES CONECTO 12 M.;12
16 BVH 61;B61;61;2007;MERCEDES CONECTO 12 M.;12
16 BVH 62;B62;62;2007;MERCEDES CONECTO 12 M.;12
16 BVH 63;B63;63;2007;MERCEDES CONECTO 12 M.;12
16 BVH 64;B64;64;2007;MERCEDES CONECTO 12 M.;12
16 BVH 65;B65;65;2007;MERCEDES CONECTO 12 M.;12
16 BVH 66;B66;66;2007;MERCEDES CONECTO 12 M.;12
16 BVH 67;B67;67;2007;MERCEDES CONECTO 12 M.;12
16 BVH 68;B68;68;2007;MERCEDES CONECTO 12 M.;12
16 BVH 69;B69;69;2007;MERCEDES CONECTO 12 M.;12
16 BVH 70;B70;70;2007;MERCEDES CONECTO 12 M.;12
16 BVH 71;B71;71;2007;MERCEDES CONECTO 12 M.;12
16 BVH 72;B72;72;2007;MERCEDES CONECTO 12 M.;12
16 BVH 73;B73;73;2007;MERCEDES CONECTO 12 M.;12
16 BVH 74;B74;74;2007;MERCEDES CONECTO 12 M.;12
16 BVH 75;B75;75;2007;MERCEDES CONECTO 12 M.;12
16 BVH 76;B76;76;2007;MERCEDES CONECTO 12 M.;12
16 BVH 77;B77;77;2007;MERCEDES CONECTO 12 M.;12
16 BVH 78;B78;78;2007;MERCEDES CONECTO 12 M.;12
16 BVH 80;B80;80;2007;MERCEDES CONECTO 18 M. (KÖRÜKLÜ);18
16 BVH 81;B81;81;2007;MERCEDES CONECTO 18 M. (KÖRÜKLÜ);18
16 BVH 82;B82;82;2007;MERCEDES CONECTO 18 M. (KÖRÜKLÜ);18
16 BVH 83;B83;83;2007;MERCEDES CONECTO 18 M. (KÖRÜKLÜ);18
16 BVH 84;B84;84;2007;MERCEDES CONECTO 18 M. (KÖRÜKLÜ);18
16 BVH 85;B85;85;2007;MERCEDES CONECTO 18 M. (KÖRÜKLÜ);18
16 BVH 86;B86;86;2007;MERCEDES CONECTO 18 M. (KÖRÜKLÜ);18
16 BVH 87;B87;87;2007;MERCEDES CONECTO 18 M. (KÖRÜKLÜ);18
16 BVH 88;B88;88;2007;MERCEDES CONECTO 18 M. (KÖRÜKLÜ);18
16 BVH 89;B89;89;2007;MERCEDES CONECTO 18 M. (KÖRÜKLÜ);18
16 BPS 90 ;B90;90;2009;MERCEDES YENÝ CONECTO 18 M. (KÖRÜKLÜ);18
16 BPV 91;B91;91;2009;MERCEDES YENÝ CONECTO 18 M. (KÖRÜKLÜ);18
16 BLL 92;B92;92;2009;MERCEDES YENÝ CONECTO 18 M. (KÖRÜKLÜ);18
16 BPS 93;B93;93;2009;MERCEDES YENÝ CONECTO 18 M. (KÖRÜKLÜ);18
16 BPE 94;B94;94;2009;MERCEDES YENÝ CONECTO 18 M. (KÖRÜKLÜ);18
16 BPZ 95;B95;95;2009;MERCEDES YENÝ CONECTO 18 M. (KÖRÜKLÜ);18
16 BPS 96;B96;96;2009;MERCEDES YENÝ CONECTO 18 M. (KÖRÜKLÜ);18
16 BPS 97;B97;97;2009;MERCEDES YENÝ CONECTO 18 M. (KÖRÜKLÜ);18
16 BOC 98;B98;98;2009;MERCEDES YENÝ CONECTO 18 M. (KÖRÜKLÜ);18
16 BPS 99;B99;99;2009;MERCEDES YENÝ CONECTO 18 M. (KÖRÜKLÜ);18
16 BOD 01;B101;101;2009;MERCEDES YENÝ CONECTO 18 M. (KÖRÜKLÜ);18
16 BOD 02;B102;102;2009;MERCEDES YENÝ CONECTO 18 M. (KÖRÜKLÜ);18
16 BOD 03;B103;103;2009;MERCEDES YENÝ CONECTO 18 M. (KÖRÜKLÜ);18
16 BOD 04;B104;104;2009;MERCEDES YENÝ CONECTO 18 M. (KÖRÜKLÜ);18
16 BOD 05;B105;105;2009;MERCEDES YENÝ CONECTO 18 M. (KÖRÜKLÜ);18
16 BOD 06;B106;106;2009;MERCEDES YENÝ CONECTO 12 M.;12
16 BOD 07;B107;107;2009;MERCEDES YENÝ CONECTO 12 M.;12
16 BOD 08;B108;108;2009;MERCEDES YENÝ CONECTO 12 M.;12
16 BOD 09;B109;109;2009;MERCEDES YENÝ CONECTO 12 M.;12
16 BOD 10;B110;110;2009;MERCEDES YENÝ CONECTO 12 M.;12
16 BOD 11;B111;111;2009;MERCEDES YENÝ CONECTO 12 M.;12
16 BOD 12;B112;112;2009;MERCEDES YENÝ CONECTO 12 M.;12
16 BOD 13;B113;113;2009;MERCEDES YENÝ CONECTO 12 M.;12
16 BOD 14;B114;114;2009;MERCEDES YENÝ CONECTO 12 M.;12
16 BOD 15;B115;115;2009;MERCEDES YENÝ CONECTO 12 M.;12
16 BOD 16;B116;116;2009;MERCEDES YENÝ CONECTO 12 M.;12
16 BOD 17;B117;117;2009;MERCEDES YENÝ CONECTO 12 M.;12
16 BOD 18;B118;118;2009;MERCEDES YENÝ CONECTO 12 M.;12
16 BOD 19;B119;119;2009;MERCEDES YENÝ CONECTO 12 M.;12
16 BOD 20;B120;120;2009;MERCEDES YENÝ CONECTO 12 M.;12
16 BOD 21;B121;121;2009;MERCEDES YENÝ CONECTO 12 M.;12
16 BOD 22;B122;122;2009;MERCEDES YENÝ CONECTO 12 M.;12
16 BOD 23;B123;123;2009;MERCEDES YENÝ CONECTO 12 M.;12
16 BOD 24;B124;124;2009;MERCEDES YENÝ CONECTO 12 M.;12
16 BOD 25;B125;125;2009;MERCEDES YENÝ CONECTO 12 M.;12
16 BOD 26;B126;126;2009;MERCEDES YENÝ CONECTO 12 M.;12
16 BOD 27;B127;127;2009;MERCEDES YENÝ CONECTO 12 M.;12
16 BOD 28;B128;128;2009;MERCEDES YENÝ CONECTO 12 M.;12
16 BOD 29;B129;129;2009;MERCEDES YENÝ CONECTO 12 M.;12
16 BOD 30;B130;130;2009;MERCEDES YENÝ CONECTO 12 M.;12
16 BOD 31;B131;131;2009;OTOKAR DORUK 190 LE 9 M.;9
16 BOD 32;B132;132;2009;OTOKAR DORUK 190 LE 9 M.;9
16 BOD 33;B133;133;2009;OTOKAR DORUK 190 LE 9 M.;9
16 BOD 34;B134;134;2009;OTOKAR DORUK 190 LE 9 M.;9
16 BOD 35;B135;135;2009;OTOKAR DORUK 190 LE 9 M.;9
16 BOD 36;B136;136;2009;OTOKAR DORUK 190 LE 9 M.;9
16 BOD 37;B137;137;2009;OTOKAR DORUK 190 LE 9 M.;9
16 BOD 38;B138;138;2009;OTOKAR DORUK 190 LE 9 M.;9
16 BOD 39;B139;139;2009;OTOKAR DORUK 190 LE 9 M.;9
16 BOD 40;B140;140;2009;OTOKAR DORUK 190 LE 9 M.;9
16 BOD 41;B141;141;2009;OTOKAR DORUK 190 LE 9 M.;9
16 BOD 42;B142;142;2009;OTOKAR DORUK 190 LE 9 M.;9
16 BOD 43;B143;143;2009;OTOKAR DORUK 190 LE 9 M.;9
16 BOD 44;B144;144;2009;OTOKAR DORUK 190 LE 9 M.;9
16 BOD 45;B145;145;2009;OTOKAR DORUK 190 LE 9 M.;9
16 BOD 46;B146;146;2009;OTOKAR DORUK 190 LE 9 M.;9
16 BOD 47;B147;147;2009;OTOKAR DORUK 190 LE 9 M.;9
16 BOD 48;B148;148;2009;OTOKAR DORUK 190 LE 9 M.;9
16 BOD 49;B149;149;2009;OTOKAR DORUK 190 LE 9 M.;9
16 BOD 50;B150;150;2009;OTOKAR DORUK 190 LE 9 M.;9
16 BOD 51;B151;151;2009;OTOKAR DORUK 190 LE 9 M.;9
16 BOD 52;B152;152;2009;OTOKAR DORUK 190 LE 9 M.;9
16 BOD 53;B153;153;2009;OTOKAR DORUK 190 LE 9 M.;9
16 BOD 54;B154;154;2009;OTOKAR DORUK 190 LE 9 M.;9
16 BOD 55;B155;155;2009;OTOKAR DORUK 190 LE 9 M.;9
16 BOV 56;B156;156;2009;OTOKAR DORUK 190 LE 9 M.;9
16 BOV 57;B157;157;2009;OTOKAR DORUK 190 LE 9 M.;9
16 BOV 58;B158;158;2009;OTOKAR DORUK 190 LE 9 M.;9
16 BOV 59;B159;159;2009;OTOKAR DORUK 190 LE 9 M.;9
16 BOV 60;B160;160;2009;OTOKAR DORUK 190 LE 9 M.;9
16 JBK 61;B161;161;2009;OTOKAR DORUK 190 LE 9 M.;9
16 JBK 62;B162;162;2009;OTOKAR DORUK 190 LE 9 M.;9
16 JBK 63;B163;163;2009;OTOKAR DORUK 190 LE 9 M.;9
16 JBK 64;B164;164;2009;OTOKAR DORUK 190 LE 9 M.;9
16 JBK 65;B165;165;2009;OTOKAR DORUK 190 LE 9 M.;9
16 JBK 66;B166;166;2009;OTOKAR DORUK 190 LE 9 M.;9
16 JBK 67;B167;167;2009;OTOKAR DORUK 190 LE 9 M.;9
16 JBK 68;B168;168;2009;OTOKAR DORUK 190 LE 9 M.;9
16 JBK 69;B169;169;2009;OTOKAR DORUK 190 LE 9 M.;9
16 JBK 70;B170;170;2009;OTOKAR DORUK 190 LE 9 M.;9
16 JBK 71;B171;171;2009;OTOKAR DORUK 190 LE 9 M.;9
16 JBK 72;B172;172;2009;OTOKAR DORUK 190 LE 9 M.;9
16 JBK 73;B173;173;2009;OTOKAR DORUK 190 LE 9 M.;9
16 JBK 74;B174;174;2009;OTOKAR DORUK 190 LE 9 M.;9
16 JBK 75;B175;175;2009;OTOKAR DORUK 190 LE 9 M.;9
16 JJK 76;B176;176;2010;OTOKAR M 2010 6 M.;6
16 JJK 77;B177;177;2010;OTOKAR M 2010 6 M.;6
16 JJK 78;B178;178;2010;OTOKAR M 2010 6 M.;6
16 JJK 79;B179;179;2010;OTOKAR M 2010 6 M.;6
16 JJK 80;B180;180;2011;MERCEDES YENÝ CONECTO 18 M. (KÖRÜKLÜ);18
16 JJK 81;B181;181;2011;MERCEDES YENÝ CONECTO 18 M. (KÖRÜKLÜ);18
16 JJK 82;B182;182;2011;MERCEDES YENÝ CONECTO 18 M. (KÖRÜKLÜ);18
16 JJK 83;B183;183;2011;MERCEDES YENÝ CONECTO 18 M. (KÖRÜKLÜ);18
16 JJK 84;B184;184;2011;MERCEDES YENÝ CONECTO 18 M. (KÖRÜKLÜ);18
16 JJK 85;B185;185;2011;MERCEDES YENÝ CONECTO 18 M. (KÖRÜKLÜ);18
16 JJK 86;B186;186;2011;MERCEDES YENÝ CONECTO 18 M. (KÖRÜKLÜ);18
16 JJK 87;B187;187;2011;MERCEDES YENÝ CONECTO 18 M. (KÖRÜKLÜ);18
16 JJK 88;B188;188;2011;MERCEDES YENÝ CONECTO 18 M. (KÖRÜKLÜ);18
16 JJK 89;B189;189;2011;MERCEDES YENÝ CONECTO 18 M. (KÖRÜKLÜ);18
16 JJK 90;B190;190;2011;MERCEDES YENÝ CONECTO 18 M. (KÖRÜKLÜ);18
16 JJK 91;B191;191;2011;MERCEDES YENÝ CONECTO 18 M. (KÖRÜKLÜ);18
16 JJK 92;B192;192;2011;OTOKAR DORUK 215 LE 9 M.;9
16 JJK 93;B193;193;2011;OTOKAR DORUK 215 LE 9 M.;9
16 JJK 94;B194;194;2011;OTOKAR DORUK 215 LE 9 M.;9
16 JJK 95;B195;195;2011;OTOKAR DORUK 215 LE 9 M.;9
16 JJK 96;B196;196;2011;OTOKAR DORUK 215 LE 9 M.;9
16 JJK 97;B197;197;2011;OTOKAR DORUK 215 LE 9 M.;9
16 JJK 98;B198;198;2011;OTOKAR DORUK 215 LE 9 M.;9
16 JJK 99;B199;199;2011;OTOKAR DORUK 215 LE 9 M.;9
16 JJK 01;B201;201;2011;OTOKAR DORUK 215 LE 9 M.;9
16 JJK 02;B202;202;2011;OTOKAR DORUK 215 LE 9 M.;9
16 JJK 03;B203;203;2011;OTOKAR DORUK 215 LE 9 M.;9
16 JJK 04;B204;204;2011;OTOKAR DORUK 215 LE 9 M.;9
16 JJK 05;B205;205;2011;OTOKAR DORUK 215 LE 9 M.;9
16 JJK 06;B206;206;2011;OTOKAR DORUK 215 LE 9 M.;9
16 JJK 07;B207;207;2011;OTOKAR DORUK 215 LE 9 M.;9
16 JJK 08;B208;208;2011;OTOKAR DORUK 215 LE 9 M.;9
16 JJK 09;B209;209;2011;OTOKAR DORUK 215 LE 9 M.;9
16 JJK 10;B210;210;2011;OTOKAR DORUK 215 LE 9 M.;9
16 JJK 11;B211;211;2011;OTOKAR KENT 290 LF 12 M.;12
16 JJK 12;B212;212;2011;OTOKAR KENT 290 LF 12 M.;12
16 JJK 13;B213;213;2011;OTOKAR KENT 290 LF 12 M.;12
16 JJK 14;B214;214;2011;OTOKAR KENT 290 LF 12 M.;12
16 JJK 15;B215;215;2011;OTOKAR KENT 290 LF 12 M.;12
16 JJK 16;B216;216;2011;OTOKAR KENT 290 LF 12 M.;12
16 JJK 17;B217;217;2011;OTOKAR KENT 290 LF 12 M.;12
16 JJK 18;B218;218;2011;OTOKAR KENT 290 LF 12 M.;12
16 JJK 19;B219;219;2011;OTOKAR KENT 290 LF 12 M.;12
16 JJK 20;B220;220;2011;OTOKAR KENT 290 LF 12 M.;12
16 JJK 21;B221;221;2011;OTOKAR KENT 290 LF 12 M.;12
16 JJK 22;B222;222;2011;OTOKAR KENT 290 LF 12 M.;12
16 JJK 23;B223;223;2011;OTOKAR KENT 290 LF 12 M.;12
16 JJK 24;B224;224;2011;OTOKAR KENT 290 LF 12 M.;12
16 JJK 25;B225;225;2011;OTOKAR KENT 290 LF 12 M.;12
16 JJK 26;B226;226;2011;OTOKAR KENT 290 LF 12 M.;12
16 JJK 27;B227;227;2011;OTOKAR KENT 290 LF 12 M.;12
16 JJK 28;B228;228;2011;OTOKAR KENT 290 LF 12 M.;12
16 JJK 29;B229;229;2011;OTOKAR KENT 290 LF 12 M.;12
16 JJK 30;B230;230;2011;OTOKAR KENT 290 LF 12 M.;12
16 JJK 31;B231;231;2011;OTOKAR KENT 290 LF 12 M.;12
16 JJK 32;B232;232;2011;OTOKAR KENT 290 LF 12 M.;12
16 JJK 33;B233;233;2011;OTOKAR KENT 290 LF 12 M.;12
16 JJK 34;B234;234;2011;OTOKAR KENT 290 LF 12 M.;12
16 JJK 35;B235;235;2011;OTOKAR KENT 290 LF 12 M.;12
16 JJK 36;B236;236;2011;OTOKAR KENT 290 LF 12 M.;12
16 JJK 37;B237;237;2011;OTOKAR KENT 290 LF 12 M.;12
16 JJK 38;B238;238;2011;OTOKAR KENT 290 LF 12 M.;12
16 JJK 39;B239;239;2011;OTOKAR KENT 290 LF 12 M.;12
16 JJK 40;B240;240;2011;OTOKAR KENT 290 LF 12 M.;12
16 JJK 41;B241;241;2012;OTOKAR KENT 290 LF 12 M.;12
16 JJK 42;B242;242;2012;OTOKAR KENT 290 LF 12 M.;12
16 JJK 43;B243;243;2012;OTOKAR KENT 290 LF 12 M.;12
16 JJK 44;B244;244;2012;OTOKAR KENT 290 LF 12 M.;12
16 JJK 45;B245;245;2012;OTOKAR KENT 290 LF 12 M.;12
16 JJK 46;B246;246;2012;OTOKAR KENT 290 LF 12 M.;12
16 JLA 47;B247;247;2012;OTOKAR M 2010 6 M.;6
16 JLA 48;B248;248;2012;OTOKAR M 2010 6 M.;6
16 JLA 49;B249;249;2012;OTOKAR M 2010 6 M.;6
16 JLA 50;B250;250;2012;OTOKAR M 2010 6 M.;6
16 JLA 51;B251;251;2012;OTOKAR M 2010 6 M.;6
16 JLA 52;B252;252;2012;OTOKAR M 2010 6 M.;6
16 JNC 53;B253;253;2012;OTOKAR DORUK 220 LE 9 M.;9
16 JNC 54;B254;254;2012;OTOKAR DORUK 220 LE 9 M.;9
16 BEF 55;B255;255;2012;OTOKAR DORUK 220 LE 9 M.;9
16 JNL 56;B256;256;2012;OTOKAR DORUK 220 LE 9 M.;9
16 JNL 57;B257;257;2012;OTOKAR DORUK 220 LE 9 M.;9
16 JNL 58;B258;258;2012;OTOKAR DORUK 220 LE 9 M.;9
16 JNL 59;B259;259;2012;OTOKAR DORUK 220 LE 9 M.;9
16 JNL 60;B260;260;2012;OTOKAR DORUK 220 LE 9 M.;9
16 JNL 61;B261;261;2012;OTOKAR DORUK 220 LE 9 M.;9
16 JNL 62;B262;262;2012;OTOKAR DORUK 220 LE 9 M.;9
16 JPY 63;B263;263;2012;OTOKAR DORUK 220 LE 9 M.;9
16 JPY 64;B264;264;2012;OTOKAR DORUK 220 LE 9 M.;9
16 JPY 65;B265;265;2012;OTOKAR DORUK 220 LE 9 M.;9
16 JPY 66;B266;266;2012;OTOKAR DORUK 220 LE 9 M.;9
16 JPY 67;B267;267;2012;OTOKAR DORUK 220 LE 9 M.;9
16 JPY 68;B268;268;2012;OTOKAR DORUK 220 LE 9 M.;9
16 JPY 69;B269;269;2012;OTOKAR DORUK 220 LE 9 M.;9
16 JPY 70;B270;270;2012;OTOKAR DORUK 220 LE 9 M.;9
16 JPY 71;B271;271;2012;OTOKAR DORUK 220 LE 9 M.;9
16 JPY 72;B272;272;2012;OTOKAR DORUK 220 LE 9 M.;9
16 JPY 73;B273;273;2012;MERCEDES YENÝ CONECTO 12 M.;12
16 JPY 74;B274;274;2012;MERCEDES YENÝ CONECTO 12 M.;12
16 JPY 75;B275;275;2012;MERCEDES YENÝ CONECTO 12 M.;12
16 JPY 76;B276;276;2012;MERCEDES YENÝ CONECTO 12 M.;12
16 JPY 77;B277;277;2012;MERCEDES YENÝ CONECTO 12 M.;12
16 JPY 78;B278;278;2012;MERCEDES YENÝ CONECTO 12 M.;12
16 JSA 79;B279;279;2012;MERCEDES YENÝ CONECTO 12 M.;12
16 JSA 80;B280;280;2012;MERCEDES YENÝ CONECTO 12 M.;12
16 JSA 81;B281;281;2012;MERCEDES YENÝ CONECTO 12 M.;12
16 JSA 82;B282;282;2012;MERCEDES YENÝ CONECTO 12 M.;12
16 JSS 83;B283;283;2012;OTOKAR KENT 290 U 12 M.;12
16 JSS 84;B284;284;2012;OTOKAR KENT 290 U 12 M.;12
16 JSS 85;B285;285;2012;OTOKAR KENT 290 U 12 M.;12
16 JSS 86;B286;286;2012;OTOKAR M 2010 6 M.;6
16 JSS 87;B287;287;2012;OTOKAR M 2010 6 M.;6
16 JSS 88;B288;288;2012;OTOKAR M 2010 6 M.;6
16 JSS 89;B289;289;2012;OTOKAR M 2010 6 M.;6
16 JCR 90;B290;290;2013;OTOKAR M 2010 6 M.;6
16 JSY 91;B291;291;2013;OTOKAR M 2010 6 M.;6
16 JDV 92;B292;292;2013;OTOKAR M 2010 6 M.;6
16 JDV 93;B293;293;2013;OTOKAR M 2010 6 M.;6
16 JTR 94;B294;294;2013;OTOKAR M 2010 6 M.;6
16 JTR 95;B295;295;2013;OTOKAR M 2010 6 M.;6
16 JUF 96;B296;296;2013;OTOKAR M 2010 6 M.;6
16 JUF 97;B297;297;2013;OTOKAR M 2010 6 M.;6
16 JVY 98;B298;298;2013;TEMSA AVENUE LF 12 M.;12
16 JVY 99;B299;299;2013;TEMSA AVENUE LF 12 M.;12
16 JVY 01;B301;301;2013;TEMSA AVENUE LF 12 M.;12
16 JVY 02;B302;302;2013;TEMSA AVENUE LF 12 M.;12
16 JVY 03;B303;303;2013;TEMSA AVENUE LF 12 M.;12
16 JVY 04;B304;304;2013;TEMSA AVENUE LF 12 M.;12
16 JVY 05;B305;305;2013;TEMSA AVENUE LF 12 M.;12
16 JVY 06;B306;306;2013;TEMSA AVENUE LF 12 M.;12
16 JVY 07;B307;307;2013;TEMSA AVENUE LF 12 M.;12
16 JVY 08;B308;308;2013;TEMSA AVENUE LF 12 M.;12
16 JVY 09;B309;309;2013;TEMSA AVENUE LF 12 M.;12
16 JVY 10;B310;310;2013;TEMSA AVENUE LF 12 M.;12
16 JVY 11;B311;311;2013;TEMSA AVENUE LF 12 M.;12
16 JVY 12;B312;312;2013;TEMSA AVENUE LF 12 M.;12
16 JVY 13;B313;313;2013;TEMSA AVENUE LF 12 M.;12
16 BJH 14;B314;314;2014;TEMSA AVENUE LF 12 M.;12
16 BJA 15;B315;315;2013;TEMSA AVENUE LF 12 M.;12
16 JPC 16;B316;316;2013;TEMSA AVENUE LF 12 M.;12
16 BJN 17;B317;317;2013;TEMSA AVENUE LF 12 M.;12
16 BJN 18;B318;318;2013;TEMSA AVENUE LF 12 M.;12
16 BJZ 19;B319;319;2013;TEMSA AVENUE LF 12 M.;12
16 BJZ 20;B320;320;2014;TEMSA AVENUE LF 12 M.;12
16 BJP 21;B321;321;2014;TEMSA AVENUE LF 12 M.;12
16 BJF 22;B322;322;2014;TEMSA AVENUE LF 12 M.;12
16 BLJ 23;B323;323;2014;TEMSA AVENUE LF 12 M.;12
16 BJZ 24;B324;324;2014;TEMSA AVENUE LF 12 M.;12
16 BJU 25;B325;325;2014;TEMSA AVENUE LF 12 M.;12
16 DB 671;B381;381;;MERCEDES 0345 K 18 M. (KÖRÜKLÜ);18
16 DB 672;B382;382;;MERCEDES 0345 K 18 M. (KÖRÜKLÜ);18
16 DB 673;B383;383;;MERCEDES 0345 K 18 M. (KÖRÜKLÜ);18
16 DB 674;B384;384;;MERCEDES 0345 K 18 M. (KÖRÜKLÜ);18
16 DB 675;B385;385;;MERCEDES 0345 K 18 M. (KÖRÜKLÜ);18
16 DB 676;B386;386;;MERCEDES 0345 K 18 M. (KÖRÜKLÜ);18
16 DB 677;B387;387;;MERCEDES 0345 K 18 M. (KÖRÜKLÜ);18
16 DB 678;B388;388;;MERCEDES 0345 K 18 M. (KÖRÜKLÜ);18
16 DB 669;B389;389;;MERCEDES 0345 K 18 M. (KÖRÜKLÜ);18
16 DB 670;B390;390;;MERCEDES 0345 K 18 M. (KÖRÜKLÜ);18
16 DB 667;B391;391;;MERCEDES 0345 K 18 M. (KÖRÜKLÜ);18
16 DB 668;B392;392;;MERCEDES 0345 K 18 M. (KÖRÜKLÜ);18
16 NMS 26;B326;326;2015;TEMSA TOURMALÝN 12 M.;12
16 NMS 27;B327;327;2015;TEMSA TOURMALÝN 12 M.;12
16 NMS 28;B328;328;2015;TEMSA TOURMALÝN 12 M.;12
16 NMS 29;B329;329;2015;TEMSA TOURMALÝN 12 M.;12
16 NMS 30;B330;330;2015;TEMSA TOURMALÝN 12 M.;12
16 NMS 31;B331;331;2015;TEMSA TOURMALÝN 12 M.;12
16 NVE 32;B332;332;2016;KARSAN ATAK M3 8 M.;8
16 NVE 33;B333;333;2016;KARSAN ATAK M3 8 M.;8
16 NVE 34;B334;334;2016;KARSAN ATAK M3 8 M.;8
16 NVE 35;B335;335;2016;KARSAN ATAK M3 8 M.;8
16 NVE 36;B336;336;2016;KARSAN ATAK M3 8 M.;8
16 NVE 37;B337;337;2016;KARSAN ATAK M3 8 M.;8
16 NVE 38;B338;338;2016;KARSAN ATAK M3 8 M.;8
16 NVE 39;B339;339;2016;KARSAN ATAK M3 8 M.;8
16 NVE 40;B340;340;2016;KARSAN ATAK M3 8 M.;8
16 NVE 41;B341;341;2016;KARSAN ATAK M3 8 M.;8
16 NVE 42;B342;342;2016;KARSAN ATAK M3 8 M.;8
16 NVE 43;B343;343;2016;KARSAN ATAK M3 8 M.;8
